Year	Month	Day	mean	stddev
2012	1	1	311.1323857851913	36.40475683712495
2012	1	2	336.9337175339517	44.57625146572816
2012	1	3	292.0167907376998	37.57913944803026
2012	1	4	256.94352542939305	33.459226306192214
2012	1	5	259.5957193536712	34.607057437858124
2012	1	6	265.03231518693514	33.01618962001966
2012	1	7	284.39359264443203	35.26368936676102
2012	1	8	273.7155501897712	30.945884218870024
2012	1	9	268.98271587547504	30.214314020895223
2012	1	10	276.2248359479595	30.74003739955588
2012	1	11	277.8024351052069	29.910376048949793
2012	1	12	276.35457318824785	30.042498279924878
2012	1	13	278.83373289052423	28.862381497394455
2012	1	14	278.7647986521757	28.406167826583893
2012	1	15	264.6095033347664	33.00451786863678
2012	1	16	252.0500648216999	35.217051406334065
2012	1	17	261.73505413595194	31.67383511766249
2012	1	18	264.6504652320661	31.53552998297734
2012	1	19	257.37315116081965	30.036553054611517
2012	1	20	261.5386489385573	30.482815434801363
2012	1	21	259.7795360671726	30.31799053901246
2012	1	22	259.04257306107723	30.41464547885072
2012	1	23	261.4159215121419	30.11407064995846
2012	1	24	288.6527193069742	37.761701069272156
2012	1	25	272.1769863352654	32.64450695640961
2012	1	26	275.16356624175194	31.13268504142499
2012	1	27	270.54013601689104	31.487339739045993
2012	1	28	279.2854977504036	33.02414147423633
2012	1	29	273.1772049227183	31.304356180942275
2012	1	30	269.45220457004547	30.709316255267115
2012	1	31	275.19104115877724	32.42750133011483
2012	2	1	289.57116392380317	35.17023226896602
2012	2	2	275.5731587853395	31.427641635062816
2012	2	3	271.2967302883243	31.41795158068082
2012	2	4	275.86419735368986	31.63804339620526
2012	2	5	262.1574514528441	32.20194774321643
2012	2	6	269.30876710451264	33.213551027371146
2012	2	7	271.12258494268735	33.15829288049256
2012	2	8	261.2526050630307	31.21018113053148
2012	2	9	264.4651488581495	31.175436979741637
2012	2	10	271.2957428569161	32.32900299046012
2012	2	11	267.76120294598405	32.14157670975276
2012	2	12	248.47871646165655	30.37990567703229
2012	2	13	247.56164335757626	28.82973941979928
2012	2	14	260.5162850311542	30.421335479081094
2012	2	15	269.28962229534807	33.12772753944923
2012	2	16	273.29811588857524	33.06331766558345
2012	2	17	272.2999850888901	32.460344467592776
2012	2	18	274.6191306115471	31.823495603225453
2012	2	19	273.33420598567994	30.667993677053573
2012	2	20	266.0822290533969	28.218836444426902
2012	2	21	272.1418739908175	30.34879826945897
2012	2	22	289.81144344495635	35.953952182253616
2012	2	23	286.7562663861363	30.69833234671498
2012	2	24	273.02010420760956	24.649511833415563
2012	2	25	273.60476818895506	27.54627848608611
2012	2	26	270.29671714888474	27.378763583600666
2012	2	27	283.8939193076227	33.10291454287783
2012	2	28	258.38150444702717	24.368894477863464
2012	2	29	218.75574067949617	15.560973952268757
2012	3	1	209.141389909628	15.05706431057668
2012	3	2	201.2218681270341	14.375582597485899
2012	3	3	194.48188633416612	13.054839095766386
2012	3	4	190.8285712455586	12.848176861527321
2012	3	5	186.9483099343152	13.055140495444283
2012	3	6	176.14514722909428	11.766153799493324
2012	3	7	92.89690680674137	6.570631604862234
2012	4	25	235.02013880449556	39.17583779664296
2012	4	26	510.96073706271756	84.53526581720335
2012	4	27	494.48024999550887	81.58802648658774
2012	4	28	481.7656537849474	71.97653556784948
2012	4	29	486.56602425104654	75.9373734910376
2012	4	30	508.7230751278473	83.87157424364126
2012	5	1	476.18521650127656	75.9315125329107
2012	5	2	482.43286515660475	78.55471743768399
2012	5	3	489.9619019107514	80.1255698397934
2012	5	4	515.3944026286365	89.01252969975606
2012	5	5	571.7805549172392	103.04006282503838
2012	5	6	588.6372510672928	103.86964999228572
2012	5	7	619.2222194842449	110.72047669808863
2012	5	8	567.8629443645481	96.03297536017081
2012	5	9	593.8613186137111	104.19934708898741
2012	5	10	582.3738125053292	99.26298478090972
2012	5	11	564.8035838912259	92.66377597033973
2012	5	12	621.3265515034507	107.07274338950668
2012	5	13	694.2795195878981	131.52765534245543
2012	5	14	673.2245464317334	120.76810993467227
2012	5	15	665.442549580293	119.25409555194025
2012	5	16	693.3830502741285	125.67131865642058
2012	5	17	660.7077652185525	114.49089363994555
2012	5	18	664.1074724914217	114.62553399644848
2012	5	19	698.7964744566516	127.06479363907836
2012	5	20	743.7180224138474	141.14605666321054
2012	5	21	705.0170791227226	123.7968219700914
2012	5	22	700.6542665095868	124.78899158727789
2012	5	23	724.4198006105437	129.9236891482976
2012	5	24	737.4898509958552	135.41122832928875
2012	5	25	732.5106573949329	133.71726139567127
2012	5	26	540.8083536198503	103.30751282036806
2012	5	27	166.90759984892068	30.857337758771603
2012	5	28	236.34748524944132	44.540510142192744
2012	5	29	67.00266997254396	12.43218041157759
2012	6	2	55.674601301514585	8.883689600987108
2012	6	3	677.8108740710925	110.45117789424947
2012	6	4	622.9656204965227	94.44114746211723
2012	6	5	605.6520238139091	92.8728722180855
2012	6	6	622.3186605034817	99.342419722823
2012	6	7	647.6359787696662	106.15634700098366
2012	6	8	682.5716107392409	115.46330075990775
2012	6	9	700.6432357627604	118.6110091873141
2012	6	10	735.1618234285405	129.20489471218562
2012	6	11	722.1061334237189	121.83980276889781
2012	6	12	725.8286495963557	122.75377574581513
2012	6	13	737.394291957862	125.2203033544933
2012	6	14	731.0427785358497	122.21910574226621
2012	6	15	726.6181276553289	122.14646760602719
2012	6	16	733.6528389171779	122.40198686452743
2012	6	17	702.3711051224248	111.35577860767494
2012	6	18	698.6080546708872	111.62920536394701
2012	6	19	705.0210296778741	113.14660931317262
2012	6	20	812.7539140941151	145.19381850416542
2012	6	21	885.7687808092309	164.82305863372736
2012	6	22	898.8520866377035	163.67558615728666
2012	6	23	871.8448382492115	155.95226577128554
2012	6	24	824.3877738833726	140.62179190406218
2012	6	25	816.2846840019106	144.79598404370074
2012	6	26	745.1060695790286	119.91775296186016
2012	6	27	750.5089603774348	124.4608166145532
2012	6	28	789.8824892722979	135.88440326480233
2012	6	29	849.4518016737	152.4778324865533
2012	6	30	876.1569143862191	160.28660424423953
2012	7	1	903.1589924487271	166.78975300080492
2012	7	2	886.9674651422097	161.03556171906507
2012	7	3	885.0106745362932	160.65337648952544
2012	7	4	891.3473639861573	157.2925225703049
2012	7	5	905.5636974852254	162.50279544331008
2012	7	6	897.0317272572117	159.73206755741577
2012	7	7	915.8444573894716	167.2241785197571
2012	7	8	914.3832937835487	164.5539293497363
2012	7	9	883.475478084696	155.92546976071728
2012	7	10	871.6196770650606	153.18576065280467
2012	7	11	914.4313699790789	167.15682748540144
2012	7	12	949.9509867278432	177.48856938188086
2012	7	13	962.9141033616777	182.01836240509544
2012	7	14	989.3994709245949	189.62825300976877
2012	7	15	985.299803809359	186.4239501878956
2012	7	16	962.9566324804507	169.52628145631013
2012	7	17	976.0596240405202	176.68739436398135
2012	7	18	1023.428801204955	184.93628025794635
2012	7	19	953.5571974140704	167.10029475325982
2012	7	20	880.6448775520174	147.59404648599687
2012	7	21	891.0702495199989	154.58028672324747
2012	7	22	933.4376492898389	170.08856810949214
2012	7	23	930.657149976225	166.67680350253923
2012	7	24	937.7130500035553	180.21251526058228
2012	7	25	875.4253997328922	159.48418945955356
2012	7	26	894.9373760401706	156.7747160633432
2012	7	27	923.1912432067428	160.65638172994352
2012	7	28	916.9981207405593	157.98342362940318
2012	7	29	866.3125096846824	139.16673455135117
2012	7	30	856.8898954191152	137.90040290635235
2012	7	31	872.3334675786309	143.23771887591096
2012	8	1	885.3465670421015	147.6571995667488
2012	8	2	931.7520294180567	162.01311584197944
2012	8	3	977.6841462335788	173.99791077753036
2012	8	4	1025.5003279437606	185.50546468851286
2012	8	5	993.1975579957643	167.68039882499517
2012	8	6	963.2023423775004	167.2070855457027
2012	8	7	914.3611496015595	152.86297965319568
2012	8	8	954.8809505536218	173.29520448913837
2012	8	9	1002.0655619923056	185.65411807012904
2012	8	10	972.6543970923375	165.71086324929064
2012	8	11	934.5971505824152	148.47969333192688
2012	8	12	978.3189220156689	158.12254648868762
2012	8	13	944.5409768013076	155.44624746131421
2012	8	14	932.9588103338151	167.38691008143994
2012	8	15	934.129585394501	170.41572741193642
2012	8	16	938.2006969785662	160.38302387414765
2012	8	17	918.9624450183062	149.34892611734625
2012	8	18	882.6250462861333	141.61714208407622
2012	8	19	827.1176807091525	126.99408156284838
2012	8	20	831.4776438112775	130.9672674862598
2012	8	21	847.3094320836854	135.68327382134046
2012	8	22	845.4199656940965	135.79698029635057
2012	8	23	869.9939162499544	144.0380508316451
2012	8	24	902.0556048322575	157.8334782129867
2012	8	25	903.5669772492106	153.81406482988848
2012	8	26	884.8323745405204	149.14961316291976
2012	8	27	896.0711473937959	155.5071303961642
2012	8	28	909.6196836187801	151.16823467005395
2012	8	29	817.9967142087269	124.35726059393365
2012	8	30	801.3764531890389	122.52911721726856
2012	8	31	850.2463056924973	136.5176563337314
2012	9	1	888.9131899465249	150.6499320087667
2012	9	2	845.0024322081554	138.94956680565897
2012	9	3	830.4417229524743	137.61153891507317
2012	9	4	843.3557339564774	144.61234112448543
2012	9	5	908.635271479954	150.38805431849394
2012	9	6	882.428965118931	137.10338360741426
2012	9	7	898.9829142585187	145.49309776025868
2012	9	8	902.6247410006406	150.78841229292522
2012	9	9	812.0526255587688	123.68945798166149
2012	9	10	748.6706241803333	111.71544679535627
2012	9	11	701.1130704104157	104.53416173421301
2012	9	12	729.7264740661328	114.22841145847215
2012	9	13	776.1394649918968	127.978660601464
2012	9	14	804.3366149948444	134.79132328958443
2012	9	15	773.9496311609049	126.49074386890786
2012	9	16	702.2901247438951	108.82080435269945
2012	9	17	255.09713008849707	39.50915714336393
2012	9	29	36.87738574651543	5.099489845362079
2012	9	30	454.65285792111194	65.12824321882903
2012	10	1	466.3375810048514	67.85344412963143
2012	10	2	453.23594520411666	64.91179617713405
2012	10	3	486.509747532291	74.09248362421545
2012	10	4	531.984732095726	84.64063964800276
2012	10	5	550.558476548381	87.47613266400491
2012	10	6	561.2672433420395	88.88448270522602
2012	10	7	548.1550226409006	85.3080265744292
2012	10	8	432.5873842506478	58.90637907864683
2012	10	9	397.392904066812	51.73879433297828
2012	10	10	399.56062438822994	53.86569194606973
2012	10	11	427.2535468803616	61.30429640506066
2012	10	12	384.7406910613934	49.88372917622381
2012	10	13	346.60368309423933	43.58337043335669
2012	10	14	306.68182799233495	35.35966242589829
2012	10	15	372.72092556194394	51.252117825808206
2012	10	16	480.5959222063152	78.19678834105649
2012	10	17	406.9182194113297	56.1569260229896
2012	10	18	359.8218862534985	46.98881750371469
2012	10	19	451.9490019493879	68.39336331021127
2012	10	20	596.6497968585695	95.35032356166978
2012	10	21	670.1253415733996	113.51407522157947
2012	10	22	599.4754109019977	93.62762318053181
2012	10	23	590.1471594810159	91.83883538547897
2012	10	24	585.8532123528279	92.00549236203302
2012	10	25	580.1868064103788	92.64803724315945
2012	10	26	571.3998036786743	90.30239039678813
2012	10	27	597.909349031838	98.12224450123819
2012	10	28	608.3317907457306	99.59687002204164
2012	10	29	593.1853770027274	96.65821777320298
2012	10	30	591.8944079614054	93.8496682438233
2012	10	31	642.7221641340432	108.55367580746783
2012	11	1	607.4089985134134	98.35113648712063
2012	11	2	564.3422268407397	87.93956541187467
2012	11	3	543.2582619482675	83.16206798010472
2012	11	4	513.0595297687692	77.16251356722874
2012	11	5	483.8914097215879	71.14926730406765
2012	11	6	460.7970378427506	66.83679153367873
2012	11	7	411.69170570372273	55.64318499195761
2012	11	8	388.47569228294645	50.463658345343084
2012	11	9	390.909631238055	54.21348413643708
2012	11	10	397.932205673545	57.35606206773019
2012	11	11	418.7519223282166	62.421559630418656
2012	11	12	455.0392455697867	69.5581010418021
2012	11	13	493.15106250185045	76.93492878775541
2012	11	14	503.2813295337501	79.82039657434169
2012	11	15	428.09910135816574	61.472224174198665
2012	11	16	398.2133087158067	54.50834008160783
2012	11	17	394.25808810539775	55.0520631409338
2012	11	18	387.58874962287814	54.09741356806481
2012	11	19	377.13970424594083	54.98602733111075
2012	11	20	369.3929476320807	53.41566566543017
2012	11	21	373.9325271271284	54.29545539019602
2012	11	22	380.5410989134575	54.17086689242601
2012	11	23	385.99689838043935	55.713271252169086
2012	11	24	398.6287999236125	58.32856487957428
2012	11	25	397.2519644037392	58.359146010556486
2012	11	26	346.7713156109842	44.806716988219044
2012	11	27	352.9377824984196	49.28914568185309
2012	11	28	347.5886940431142	47.685064824832686
2012	11	29	346.5717041644289	46.77626647739046
2012	11	30	337.2410965605714	45.66676178066865
2012	12	1	336.87708107382423	47.20781387294207
2012	12	2	331.0911278116213	46.068100707883424
2012	12	3	351.76551552255705	51.937014323852054
2012	12	4	392.7344322277792	59.998567498532445
2012	12	5	388.36936018118035	57.83675343396387
2012	12	6	426.2529591440092	66.60476378614986
2012	12	7	342.87720873571936	44.1716992115394
2012	12	8	332.143801600939	44.23183132208882
2012	12	9	368.00431077126615	53.34020855657893
2012	12	10	372.2043090666681	54.02110578510877
2012	12	11	388.0283528891392	57.757245140564294
2012	12	12	398.4194821850465	59.81094580550686
2012	12	13	333.8165504769682	43.4103938416105
2012	12	14	318.6851010534717	42.36240968181296
2012	12	15	312.78263703051755	41.26401399227644
2012	12	16	309.7184160806654	40.792185678623916
2012	12	17	304.9128554748339	40.21515798366216
2012	12	18	307.0000992967249	41.16215087757768
2012	12	19	324.4073344380931	45.77652642003713
2012	12	20	336.936970545	47.825393302371104
2012	12	21	328.00804973147666	46.31053690830547
2012	12	22	333.1748961286564	46.9821043542142
2012	12	23	323.5806130918443	45.72286816728573
2012	12	24	300.3532290047009	40.650687393844265
2012	12	25	295.7723389883358	39.49274449742395
2012	12	26	293.80622427301455	39.51800625336435
2012	12	27	289.46046170414127	39.59897867663732
2012	12	28	289.3610382854457	38.943626815619396
2012	12	29	292.37795606350477	39.060247168729454
2012	12	30	294.321235085956	39.24737306010661
2012	12	31	296.47242524013876	40.713913702115846
2013	1	1	298.051513236125	40.660169537791425
2013	1	2	299.3798657668772	40.94515636153951
2013	1	3	299.1069030704728	41.09715968956369
2013	1	4	295.5160746373217	40.68673677838195
2013	1	5	291.68842563272256	39.446085459729595
2013	1	6	292.63209762982297	40.32470764661204
2013	1	7	294.47916198509364	40.17877125920327
2013	1	8	296.1688717447626	40.80827335808479
2013	1	9	296.79919558759553	40.88529817606663
2013	1	10	297.6579344794753	40.98635237125165
2013	1	11	297.50884791089027	41.06995083668023
2013	1	12	299.9523953683221	41.623649761006824
2013	1	13	304.6667226015722	42.40725818059826
2013	1	14	303.1086314025406	42.93659179010868
2013	1	15	300.3550745002807	40.92745772812616
2013	1	16	290.4958221281837	39.4852467730258
2013	1	17	287.857805740198	39.27174407758572
2013	1	18	292.97356197096263	40.13389670876722
2013	1	19	285.5946531210852	39.07522895146492
2013	1	20	284.7981819247904	38.815851419033905
2013	1	21	284.04314674838866	38.5550151199547
2013	1	22	277.8354469064792	36.926540452772926
2013	1	23	279.29852659145376	38.65229815323103
2013	1	24	277.26364571141147	40.43915515616124
2013	1	25	264.77764606056417	39.64584860464499
2013	1	26	260.9223386405364	39.55328220213616
2013	1	27	261.73714406259904	39.57375197328915
2013	1	28	258.8355472680036	39.191539573169166
2013	1	29	258.9891860176055	38.43780448198836
2013	1	30	259.53896290065074	37.92067016400136
2013	1	31	266.3268604825117	37.67397733660013
2013	2	1	312.94791724466785	45.95601609236001
2013	2	2	254.6123139440058	36.25560215844532
2013	2	3	262.9283760933584	37.911863864224536
2013	2	4	263.7790616275281	38.77091519350853
2013	2	5	259.1943948517624	37.521304434704945
2013	2	6	257.0382265469359	36.89027087171911
2013	2	7	256.7137240358694	36.67242081914489
2013	2	8	252.5454094305094	36.5438744052453
2013	2	9	253.1170273673727	36.027874488973055
2013	2	10	257.7267087614742	41.1898950973302
2013	2	11	253.76473814260635	36.22345771769541
2013	2	12	251.1756622021903	35.15911659039856
2013	2	13	248.34984697512857	35.39788329827399
2013	2	14	250.72232034641098	35.828411653074085
2013	2	15	252.63950961521002	35.89714491671365
2013	2	16	253.97648052560197	36.35882402505357
2013	2	17	253.5057687369169	36.048697145515085
2013	2	18	254.80263436912085	36.45422263003295
2013	2	19	257.2182671446252	37.37087296668182
2013	2	20	261.89364491545234	38.338927988224185
2013	2	21	253.9826090964358	35.511559347342406
2013	2	22	253.64028080270828	34.96392500890177
2013	2	23	264.5546187547843	36.43684339358507
2013	2	24	264.7081441161145	37.58718176888419
2013	2	25	264.12814405108384	36.73935001165444
2013	2	26	263.9815467135696	36.78553444254779
2013	2	27	265.3853920181008	36.349952434124965
2013	2	28	260.3336492280884	35.09098380125769
2013	3	1	267.281015845911	36.48975689753119
2013	3	2	267.01325725688247	37.73638299997297
2013	3	3	267.53453939970314	36.64370878484171
2013	3	4	267.8670434365566	36.12886752724542
2013	3	5	272.15469054341145	37.95379708619945
2013	3	6	279.8272689821062	37.8680423678926
2013	3	7	269.70353981089096	36.11813828722455
2013	3	8	281.945392926014	37.85368640036856
2013	3	9	271.58347300464084	36.3594181504485
2013	3	10	271.76634888389026	36.78859298856338
2013	3	11	277.38784466968116	33.90277245031613
2013	3	12	293.41163486890997	44.17479929987628
2013	3	13	296.4406418066342	43.1662058077004
2013	3	14	289.32415830733163	41.398067984621406
2013	3	15	269.3569450528573	37.33353275417434
2013	3	16	278.29465277110995	37.48983462273401
2013	3	17	278.7782417468998	39.08309459818859
2013	3	18	277.43768047650326	38.38403587877723
2013	3	19	284.05226774892225	40.387817826929506
2013	3	20	271.16423872162284	37.82840393063471
2013	3	21	269.9953949679083	37.704051853849236
2013	3	22	271.6690943808314	38.27213762940358
2013	3	23	273.2790739430927	38.24748322004486
2013	3	24	274.8188097668628	39.55085978442581
2013	3	25	277.2997826160562	37.1690929369938
2013	3	26	286.9357081961115	38.23999540741466
2013	3	27	291.83917592453895	41.735482885183394
2013	3	28	303.6359809220842	45.87063779644699
2013	3	29	298.99597988152857	41.7276891682575
2013	3	30	308.82768874619524	47.16655335280049
2013	3	31	307.1727999432668	43.97157423636975
2013	4	1	312.5330960238012	45.96528509506885
2013	4	2	298.1173627534938	39.01317636221678
2013	4	3	246.3159444630237	28.512142594771184
2013	4	4	223.03009085983473	24.090659593899304
2013	4	5	242.08498824161137	27.07012298146483
2013	4	6	265.07058163882584	31.068307685734617
2013	4	7	228.8005351595762	24.344911319921106
2013	4	8	213.1740868352707	26.413819300014765
2013	4	9	278.52391635247443	47.715281127923156
2013	4	10	440.39312913738536	75.44876092074983
2013	4	11	437.7989778974007	72.49636087312363
2013	4	12	359.0357457913401	51.3751248271323
2013	4	13	360.12583144330273	53.05272650401688
2013	4	14	375.70776739020283	60.203886171710764
2013	4	15	386.7292380538313	58.012328384358185
2013	4	16	419.0506556311138	70.62656314298447
2013	4	17	457.64889455660966	76.17128557824684
2013	4	18	443.9174901733139	71.4378877541601
2013	4	19	492.81286472133763	85.15819045183486
2013	4	20	487.9283142941502	79.59071627408657
2013	4	21	430.3369259810728	62.49133426406965
2013	4	22	421.6075285789875	60.98005544778303
2013	4	23	395.71880499840694	57.282028949254645
2013	4	24	461.4474513632205	75.45030792078805
2013	4	25	484.45907785501794	80.46239752199877
2013	4	26	470.8371985250964	77.38284282843837
2013	4	27	486.1081467859033	77.9809236892365
2013	4	28	520.9275066637317	86.91355816806087
2013	4	29	522.8330893128776	88.21322767531332
2013	4	30	553.2757041685944	95.80533125663922
2013	5	1	560.7605723950923	97.9576808111886
2013	5	2	581.584228694685	106.57363494581782
2013	5	3	567.7780141657544	97.75963241168786
2013	5	4	569.2850198942663	99.87750364472369
2013	5	5	555.2182284004552	94.24702806446041
2013	5	6	564.7182660159237	99.22200695799953
2013	5	7	616.2021415783904	115.89589491583342
2013	5	8	622.9629982263091	115.52366835708904
2013	5	9	642.9556061419091	109.82705083057998
2013	5	10	656.8214278217728	113.34259191187247
2013	5	11	640.8755911640831	112.8985369132917
2013	5	12	624.0579820005129	109.60506059814728
2013	5	13	545.4917046343538	86.75057827856074
2013	5	14	524.2300010974236	82.17986138840237
2013	5	15	524.9650719930835	82.93215886251555
2013	5	16	581.3016404623087	99.09096242236636
2013	5	17	586.885934695553	100.02407340784421
2013	5	18	587.4745393737146	101.8393987922003
2013	5	19	590.8688242113919	102.32339610960636
2013	5	20	631.845916677538	113.83655583716794
2013	5	21	683.2598327946041	128.91380490220502
2013	5	22	635.6263208778844	108.69518698279019
2013	5	23	691.6845629938151	121.8053294063965
2013	5	24	691.0862269157102	119.24235986877513
2013	5	25	536.7574057073631	77.24256648313361
2013	5	26	501.3722486573705	71.24935931876782
2013	5	27	545.2952041387116	85.32002061561211
2013	5	28	590.0030209204784	100.00057492911235
2013	5	29	625.1481868539404	108.4031332003324
2013	5	30	730.419957295285	133.5363798367664
2013	5	31	782.8939568421268	150.64211195738943
2013	6	1	812.5894878325516	157.51234880029915
2013	6	2	824.3289449223439	157.96574444845348
2013	6	3	801.4467597693057	147.99887869528553
2013	6	4	715.6673857079754	123.58961100194436
2013	6	5	710.9299322674441	127.83204135226923
2013	6	6	711.1211834615183	127.36327496881096
2013	6	7	645.4747966595983	102.92845246297259
2013	6	8	629.8544368826814	101.54939325485908
2013	6	9	687.2050299684369	119.30100082367078
2013	6	10	695.9921619466112	118.52162403782516
2013	6	11	660.7732224294606	102.81287302673856
2013	6	12	655.2474722548127	108.2626596430279
2013	6	13	622.838610876521	102.07407625316935
2013	6	14	624.4153657825975	96.04722409250698
2013	6	15	682.2840120790731	109.48335631014247
2013	6	16	698.5758025928757	113.86440869327626
2013	6	17	723.6405079177835	117.28962023398672
2013	6	18	720.3431960031415	114.40783959763387
2013	6	19	699.4511994100155	105.8706303544755
2013	6	20	717.7134640873908	112.80311984356717
2013	6	21	758.2600389718616	124.86665786000417
2013	6	22	792.8803499896123	132.7264084102575
2013	6	23	839.1578168976349	143.87631237022293
2013	6	24	721.7181217460377	127.14003727506851
2013	6	25	320.17571872943915	47.899316215964376
2013	6	26	340.4340208869348	48.453248295622636
2013	6	27	411.88300045412427	59.74677770824537
2013	6	28	125.54131805989459	16.39486526971617
2013	6	29	282.2044536072414	35.845445600475344
2013	6	30	327.54414531778923	41.889827402067176
2013	7	1	391.38783447218555	54.89852394338483
2013	7	2	395.3863147666279	55.654382501534236
2013	7	3	465.94116949929554	72.1083064668844
2013	7	4	536.8165640123738	88.05440901834862
2013	7	5	536.7863468979053	88.47063843972674
2013	7	6	552.9487030590275	85.33537301787536
2013	7	7	484.28654052743764	72.28700791035024
2013	7	8	480.68883624713135	70.61226521465812
2013	7	9	783.0015922859615	118.9039535740599
2013	7	10	401.188022241957	63.29812392965728
2013	7	11	455.3756187636586	75.8814956817807
2013	7	12	472.3190898671789	63.92315430557265
2013	7	24	425.29673667622933	69.88271036916713
2013	7	25	871.284696689931	130.61513462732256
2013	7	26	889.4624661023361	145.79313606290478
2013	7	27	935.6580351733553	160.57322620601917
2013	7	28	963.8804798862435	170.25935100842872
2013	7	29	999.2557738571126	180.97108151686115
2013	7	30	945.1884854554535	166.4062274940315
2013	7	31	925.5082065179244	162.26151035429643
2013	8	1	913.2429992178818	161.65466399434783
2013	8	2	908.5137167657679	160.57387497818758
2013	8	3	903.5739042576661	159.4563240468599
2013	8	4	872.5284234651276	150.93889197478128
2013	8	5	834.0000954616166	138.7342350530596
2013	8	6	854.2343991021015	146.96755086353164
2013	8	7	885.6527533910637	156.41562449210477
2013	8	8	926.983785001876	169.81954988581165
2013	8	9	964.1668399439425	174.55999999774147
2013	8	10	965.6885020957768	172.8581303338393
2013	8	11	898.958737728127	154.53822206846206
2013	8	12	911.7729174421058	161.76734291283614
2013	8	13	916.1189970581048	163.63826019076564
2013	8	14	866.0324770168953	147.00133046197212
2013	8	15	837.2094879154905	141.88730700840068
2013	8	16	851.5559605298494	148.2678767197255
2013	8	17	874.3962212620513	155.1811085476583
2013	8	18	890.7580031959228	160.57547056808775
2013	8	19	888.9669477533688	155.974697663935
2013	8	20	913.6141052577779	166.90748941380164
2013	8	21	941.1980310400936	174.0162943736944
2013	8	22	963.5403474419177	180.82594062371643
2013	8	23	941.4849334958427	172.80897393962877
2013	8	24	882.6361635086719	153.96614366620608
2013	8	25	887.6111564821549	157.83337782106258
2013	8	26	909.6853267321308	165.49544889318068
2013	8	27	977.1106200935776	174.37448652916297
2013	8	28	989.329107178646	176.45899919067637
2013	8	29	907.8444988315939	155.6331984005309
2013	8	30	917.2412482018224	158.82840321442902
2013	8	31	991.1646794725926	166.12460093742678
2013	9	1	984.7113049568447	172.1213587111884
2013	9	2	1035.4057912009991	175.0716663552262
2013	9	3	985.5989188214837	175.07428554650167
2013	9	4	911.7627258755795	156.42944713781517
2013	9	5	866.7320402232889	148.25043316346265
2013	9	6	784.7397266225718	128.69646750702952
2013	9	7	805.3481401260617	135.60475143597066
2013	9	8	821.3922611822243	140.4419058277812
2013	9	9	757.2583690187264	126.36284303173939
2013	9	10	822.5216106445389	141.39580192159764
2013	9	11	985.4544769388632	177.96483074434224
2013	9	12	988.6801864664875	171.39666556972736
2013	9	13	931.3865205014501	155.77759192039136
2013	9	14	808.662981778803	135.1298184552683
2013	9	15	768.1607782721163	127.7131859288043
2013	9	16	765.4144023756792	117.9961036063344
2013	9	17	693.6555733081286	99.3168444174526
2013	9	18	725.9205075038507	115.29460811393955
2013	9	19	767.3062945410156	128.33453144075085
2013	9	20	805.5221108100305	138.4973195765485
2013	9	21	821.3605903631437	141.79631084477728
2013	9	22	804.482839942228	132.3976728350664
2013	9	23	703.3286741680615	105.60029439490411
2013	9	24	677.2096112957553	102.42228788748372
2013	9	25	708.7786047672564	115.90749875795622
2013	9	26	726.4229342649751	120.9800713142785
2013	9	27	730.1442514936329	121.65159420258281
2013	9	28	748.3189811088371	127.11579960616652
2013	9	29	745.0708068620722	125.61484510122234
2013	9	30	731.498943475228	121.84928174897426
2013	10	1	760.7539754815035	130.6175884785244
2013	10	2	798.6529683406943	140.58956010385563
2013	10	3	789.8325082868542	136.10209848823368
2013	10	4	770.7604777987805	131.32932843609163
2013	10	5	791.1928193654873	137.91812361910524
2013	10	6	735.9651050276062	122.15880554213912
2013	10	7	761.6424443312488	135.3327403633989
2013	10	8	721.7658720951374	117.53649741310196
2013	10	9	674.135062528303	105.2937091043266
2013	10	10	659.3321469226912	103.25225958896503
2013	10	11	692.6385364885407	112.5821762110427
2013	10	12	687.521208289838	110.36448314896951
2013	10	13	670.5194249838878	105.58062642814097
2013	10	14	662.3739499371453	103.70248532649126
2013	10	15	708.01284495059	117.22227642294219
2013	10	16	694.7091266337992	112.30101505706553
2013	10	17	721.8851554065295	120.07841736297517
2013	10	18	718.3789551631229	119.63256990410113
2013	10	19	671.804393331192	106.81341049054785
2013	10	20	653.5099168829936	101.27917823323104
2013	10	21	637.1287785106231	97.31633488747389
2013	10	22	644.392437258173	101.44899552279321
2013	10	23	596.4560327824587	89.12981693526325
2013	10	24	565.3437586374916	81.86226780444252
2013	10	25	543.3108848198802	76.89320459360835
2013	10	26	527.5609590959702	73.74564517415186
2013	10	27	546.0670942668567	80.7790923585904
2013	10	28	524.5557176558857	75.25879146150325
2013	10	29	493.84251116602564	67.2743627698948
2013	10	30	498.5510588671384	70.39663330639912
2013	10	31	540.5110042324064	83.45188837108104
2013	11	1	637.8230531875821	112.80047909241279
2013	11	2	604.3995391250453	99.96800467009425
2013	11	3	539.0786637383192	80.98445172164622
2013	11	4	462.4669302125857	59.733211761622044
2013	11	5	455.9130118094661	61.07993666094544
2013	11	6	507.0601591918893	77.45020124498973
2013	11	7	555.0361502066067	91.46966272834753
2013	11	8	481.655313765771	68.80134100401219
2013	11	9	443.23359833226095	59.690704028515924
2013	11	10	470.2241715003352	69.87661275860776
2013	11	11	466.2022843654569	69.06801007080604
2013	11	12	446.82838631014425	63.2947875092939
2013	11	13	387.5379785244521	47.23076565573803
2013	11	14	386.7551750405037	48.3827675041544
2013	11	15	412.25828959410944	57.19206598378885
2013	11	16	443.84282019918305	66.539675761292
2013	11	17	469.0108108940812	73.99269443755897
2013	11	18	545.4636076664585	96.3111771951135
2013	11	19	458.4564012488988	67.23738550883697
2013	11	20	394.6110825932034	49.51672799098585
2013	11	21	381.04668422593477	47.316145747826
2013	11	22	421.44301191070196	62.22512331841548
2013	11	23	423.6464295478102	62.8189902620459
2013	11	24	370.1754699235831	48.94181903505049
2013	11	25	343.7110256349446	45.78281556319496
2013	11	26	338.5630742904033	43.59896312797961
2013	11	27	398.0640349096137	59.82705607420227
2013	11	28	365.8223705615658	50.77221182141881
2013	11	29	333.4561626230957	45.5720787001251
2013	11	30	315.72170908473834	43.84938426671705
2013	12	1	320.28897557676066	43.46490298375042
2013	12	2	326.68848387528806	42.071281102029076
2013	12	3	340.1250648444679	43.30482515627453
2013	12	4	339.88606086747933	43.818486791052415
2013	12	5	367.2500645435954	52.139808117928084
2013	12	6	436.205988567856	75.57898651666804
2013	12	7	383.5174654961852	56.460516260848564
2013	12	8	359.6017402454747	49.8544996456227
2013	12	9	353.66818269859783	49.95153088405073
2013	12	10	356.909979531699	51.01977830308544
2013	12	11	343.41988656407597	47.690925964716975
2013	12	12	331.1220269293288	45.68059150103257
2013	12	13	321.75302495285496	45.370738914855636
2013	12	14	313.8549247340934	45.045042170773186
2013	12	15	312.2229240866105	44.637457865769406
2013	12	16	313.7489269989912	44.53017073625082
2013	12	17	315.27515458769784	44.63661334451526
2013	12	18	314.21821515041916	44.83242287033207
2013	12	19	316.67595774902077	45.103400766667576
2013	12	20	320.6449743727525	45.50100402569483
2013	12	21	324.16534244415004	44.92946874130219
2013	12	22	369.7884363343069	59.59012581428131
2013	12	23	326.1679098459939	48.483348160951756
2013	12	24	319.71308924919106	47.04588070587824
2013	12	25	296.7854694796086	43.796108547308314
2013	12	26	291.5853563402583	42.82744723125487
2013	12	27	292.6814527979661	42.45915215336725
2013	12	28	291.7467900322307	42.61671774973223
2013	12	29	292.29511325587765	43.535717495289454
2013	12	30	290.07413350091775	43.070497196029905
2013	12	31	278.80666577198235	39.62132527040274
2014	1	1	278.80666577198235	39.62132527040274
2014	1	2	270.1400525125793	38.12539358249071
2014	1	3	269.364767891817	38.25502670819152
2014	1	4	273.22345466140524	39.72884674058109
2014	1	5	273.0596357322141	39.854713016655836
2014	1	6	274.16319976054643	39.8803045044704
2014	1	7	280.472296667588	41.39255740367856
2014	1	8	249.27251757538858	35.93702259933058
2014	1	9	211.34369190842062	27.26104319037433
2014	1	10	223.73183904665802	25.480933795989753
2014	1	11	241.91555164086546	31.255851104063296
2014	1	12	319.29910790613417	53.860696159242
2014	1	13	306.270898263367	43.89210415737356
2014	1	14	283.9039990884493	43.29932118773358
2014	1	15	295.29861764026055	44.28423394205475
2014	1	16	281.9484386959388	42.23395360381446
2014	1	17	277.06287098745366	41.38703293618459
2014	1	18	275.3804335216132	41.06737455510725
2014	1	19	274.201918971347	41.08554282771454
2014	1	20	273.8836849469526	41.45094537061263
2014	1	21	275.09360366632336	41.50073082395629
2014	1	22	273.08411996206723	42.71899686895955
2014	1	23	272.4425597021728	42.47501632408384
2014	1	24	266.1946023525879	39.69137665552253
2014	1	25	262.4755428257132	38.11019377266018
2014	1	26	266.62642751076424	38.63505277308109
2014	1	27	270.54511157705616	39.662318829721876
2014	1	28	271.4990319659617	39.99341866156567
2014	1	29	266.39612725680007	39.127466666371085
2014	1	30	265.76050278063184	38.68305326214781
2014	1	31	263.1934050995427	38.310233375837996
2014	2	1	268.51254954120947	39.18859497036121
2014	2	2	272.2350038485905	39.98691300638489
2014	2	3	282.5702639841129	44.65211174025472
2014	2	4	274.6833977018481	41.86195285975616
2014	2	5	275.1498062723542	41.50892083814023
2014	2	6	274.8137737188439	40.908658152373754
2014	2	7	274.62425598564744	41.7218417807862
2014	2	8	275.0325804837005	41.54069530941212
2014	2	9	274.68105684483874	41.3007534527051
2014	2	10	274.4366372743552	41.564527539868074
2014	2	11	275.0754027926788	41.52960540595938
2014	2	12	275.3507811315901	41.58840966723378
2014	2	13	274.31597459320705	41.56386117677532
2014	2	14	274.3408116062643	41.32798142151788
2014	2	15	274.2074120091254	41.786403986449656
2014	2	16	275.3033383310726	42.0453318792108
2014	2	17	276.0546103270567	42.65412510893799
2014	2	18	276.990265901215	42.46482106582226
2014	2	19	277.2734470814993	42.459850529211685
2014	2	20	277.3247872064993	42.722292992493514
2014	2	21	277.07571068852974	42.3708979075386
2014	2	22	274.76887570003635	42.355763750227865
2014	2	23	275.93904223247563	42.86027267266715
2014	2	24	277.05053042560894	42.70728090708288
2014	2	25	277.46774184157215	42.9018300408839
2014	2	26	277.85694999034797	43.506743303307644
2014	2	27	278.0416949377837	44.00682485360377
2014	2	28	278.3802932752299	44.416351246115035
2014	3	1	278.5580585289304	43.72204075882834
2014	3	2	279.0795930703134	43.75275724798972
2014	3	3	280.18769989237904	43.225373656587465
2014	3	4	279.01982301637634	43.76415124676551
2014	3	5	278.614970285731	44.245161395647514
2014	3	6	279.27308881421044	43.302935899341435
2014	3	7	277.63135440021324	43.99876531967243
2014	3	8	289.78662647709166	45.2914136321542
2014	3	9	279.63616393870797	42.9880452121925
2014	3	10	280.559299434212	42.85966779114826
2014	3	11	282.0413524665879	42.99908397826658
2014	3	12	298.798962701637	39.55260605311959
2014	3	13	284.5182386316808	44.53185746407688
2014	3	14	277.0966221731261	44.241221611631865
2014	3	15	279.23137310017233	44.505344920933226
2014	3	16	305.36653918146305	51.3827775351791
2014	3	17	282.3362666209662	45.2922380236112
2014	3	18	281.33857599386835	44.6744733330884
2014	3	19	295.2897710554346	44.83025270528873
2014	3	20	291.47545282673997	45.24962989517507
2014	3	21	292.8583210803771	46.562568549149574
2014	3	22	281.12777568940953	45.03207127387044
2014	3	23	295.35532431551474	49.11360174625923
2014	3	24	286.583016483504	47.01048646852568
2014	3	25	279.91810877066325	42.76723432821673
2014	3	26	293.0646724191462	42.33355381740162
2014	3	27	280.04966463221103	45.00027978601377
2014	3	28	292.94233366620614	41.377032258208054
2014	3	29	297.542832704357	45.84095327711201
2014	3	30	313.44746734923206	48.53785654449276
2014	3	31	284.1681751522618	46.25135660477336
2014	4	1	275.6143214658469	44.90138371249177
2014	4	2	326.1756490320254	45.56886376353444
2014	4	3	324.0265437723052	44.61498184639397
2014	4	4	329.35645216231273	45.411806015701735
2014	4	5	310.930490782903	46.95339879141036
2014	4	6	299.181675614519	47.35848679377434
2014	4	7	325.15172474394615	46.842143963870754
2014	4	8	329.73594838901874	50.99297591205413
2014	4	9	349.0367653967696	54.454452877577566
2014	4	10	351.9902499184108	57.89127985371665
2014	4	11	370.1793409321391	63.722924625582735
2014	4	12	423.4462624238697	79.01336685966416
2014	4	13	456.73085955402985	90.01722500865463
2014	4	14	461.28906807187525	93.4229203637487
2014	4	15	535.7708022058353	117.60158606153905
2014	4	16	565.512313697651	125.04371881839752
2014	4	17	436.8586189008628	77.8426625045492
2014	4	18	410.4801256774639	63.690878750931425
2014	4	19	408.52764226241726	62.85239253295475
2014	4	20	444.1747761472359	74.52492049860572
2014	4	21	458.21378191013764	77.11912277750545
2014	4	22	471.4035600589766	72.5732662528927
2014	4	23	481.25988284350933	84.25242033622837
2014	4	24	492.6155632927335	91.98529899480098
2014	4	25	470.95698995596365	79.27263948064754
2014	4	26	495.06887643759813	81.32844358465323
2014	4	27	463.93964076986555	80.46382232563447
2014	4	28	468.722942660023	82.55405518426501
2014	4	29	490.2891959423706	83.09404762954168
2014	4	30	468.98216537275374	80.29898378738035
2014	5	1	432.2638151810312	66.16490365340826
2014	5	2	482.6453655495139	83.24966221566021
2014	5	3	536.6287724252211	103.53467367234407
2014	5	4	547.9469610664225	98.97644998830013
2014	5	5	527.5281758962141	95.37003938682072
2014	5	6	534.1693827786318	95.10136069211916
2014	5	7	538.1203409517286	94.37704918143604
2014	5	8	559.1127156629211	90.77767274451249
2014	5	9	588.275851458848	100.5204260989982
2014	5	10	569.2529276267562	104.37144690261219
2014	5	11	646.7079713947135	127.45242442090586
2014	5	12	682.181406308807	131.59990932101198
2014	5	13	713.548386979412	132.34483624315058
2014	5	14	652.1146875761297	119.78155929675778
2014	5	15	649.5687504676783	114.18101837543175
2014	5	16	691.3440839898767	156.5704563162269
2014	5	17	713.7615262230894	142.81927300485768
2014	5	18	734.6145317944033	136.86169291561382
2014	5	19	655.2193451808553	107.60680340595762
2014	5	20	645.5196138821492	106.30418925785038
2014	5	21	671.3175142315615	121.036733288989
2014	5	22	694.8304333247064	130.2125039557707
2014	5	23	672.2381197043464	119.26168404723707
2014	5	24	660.4696553995589	116.17416791825352
2014	5	25	643.4246257141906	109.08525775844195
2014	5	26	675.4437232607606	125.12990761081272
2014	5	27	706.0165440969743	133.09287709925212
2014	5	28	720.4021976223654	133.93264626022616
2014	5	29	622.8902050003518	97.40730745429374
2014	5	30	620.7787442824925	102.71466191083059
2014	5	31	643.8041797898039	110.99268676578899
2014	6	1	643.5164102115239	112.31690118875518
2014	6	2	664.028541788625	120.43830069890404
2014	6	3	698.2809569314363	132.13009144252362
2014	6	4	744.3467333114581	145.76466486735907
2014	6	5	742.32400675362	139.0246103412962
2014	6	6	729.183566721831	132.43513072339258
2014	6	7	717.2847498489391	129.58510260595904
2014	6	8	738.602815965479	138.72931549035576
2014	6	9	777.6490697118797	151.35609044851043
2014	6	10	768.3006928215593	143.73034274486102
2014	6	11	776.6183601245868	145.29053971121107
2014	6	12	750.7993044178984	134.21683685499002
2014	6	13	721.9092619622816	124.48524127563279
2014	6	14	734.6811785928915	131.07797079840958
2014	6	15	744.6577035577718	135.08142356531837
2014	6	16	728.9182405159074	128.69991174489175
2014	6	17	756.1865539726107	141.0073068271346
2014	6	18	795.9186158662069	153.642521354108
2014	6	19	842.850054114999	165.9484765981273
2014	6	20	833.0115450495514	159.1770658237436
2014	6	21	785.1303530234773	141.1606075767248
2014	6	22	752.8674425665288	132.62892737663785
2014	6	23	757.8244822225258	135.59447977716718
2014	6	24	781.2067455264099	146.01520234776604
2014	6	25	798.1877083551153	150.47672356238678
2014	6	26	834.5571948846226	162.3395438945448
2014	6	27	875.6621829141232	172.16186525161746
2014	6	28	848.6307537997894	160.16653481083048
2014	6	29	846.9074505205724	159.68891010567083
2014	6	30	860.8236863425027	163.7637158317033
2014	7	1	874.3053462445225	167.72429464795258
2014	7	2	908.9927407334596	179.36121077424542
2014	7	3	933.3666004479637	179.9460610405748
2014	7	4	968.5527359498478	187.51809569890162
2014	7	5	920.3300259370305	164.93230414655963
2014	7	6	860.7305470534864	153.1973068707858
2014	7	7	870.2867824784365	157.8011301043209
2014	7	8	902.8667837617658	168.64154699769637
2014	7	9	944.4164073640923	182.50830479173445
2014	7	10	949.0950464052371	178.0552902104766
2014	7	11	915.3921736241267	165.16710749976872
2014	7	12	895.2634999481502	161.56402096754948
2014	7	13	901.3237966765562	165.35277688383303
2014	7	14	922.8150355540039	171.63296968680743
2014	7	15	957.5022054983222	183.12694292296308
2014	7	16	974.62755186911	187.4724156236482
2014	7	17	958.6979604201233	175.5420914343043
2014	7	18	913.1526313737224	164.8542542091654
2014	7	19	892.5252744544213	159.48848929787985
2014	7	20	887.2109276903675	159.0412264563526
2014	7	21	883.078596036625	158.2291718988113
2014	7	22	883.2367242271594	160.07647753342766
2014	7	23	925.2840437174212	175.16939864980475
2014	7	24	965.6208249528746	186.92585202017156
2014	7	25	949.7783374739074	181.8163871790609
2014	7	26	894.9725447830654	164.29080986017416
2014	7	27	902.7214011417423	167.68445454503217
2014	7	28	917.0903244232943	170.45027752063675
2014	7	29	908.0734488957935	164.12974634442529
2014	7	30	865.0922479835722	151.130300215502
2014	7	31	863.9334004521411	155.1865717159452
2014	8	1	865.05150014886	156.91623873515485
2014	8	2	906.4502426877234	170.88424249601712
2014	8	3	904.1997394420716	167.63186360717452
2014	8	4	871.5910884101406	157.0578697915589
2014	8	5	901.8595429244851	168.91104762642564
2014	8	6	929.9992956384499	177.08106462750823
2014	8	7	913.9345958487273	171.00267765843537
2014	8	8	874.7061229054212	158.09961946505476
2014	8	9	858.0014619229177	154.26178279422876
2014	8	10	877.2320596051625	162.26089150139742
2014	8	11	892.5709362678255	167.96415301431242
2014	8	12	903.0585799237355	171.36828868277448
2014	8	13	902.0887681274919	169.25392426654022
2014	8	14	872.7826272573604	151.96202772220835
2014	8	15	842.9050332966808	149.9543859410921
2014	8	16	803.2521637556855	137.95153025381262
2014	8	17	807.3896609674766	138.80745107646433
2014	8	18	836.3858167836531	143.62773934949
2014	8	19	819.0117903063979	143.50249988994386
2014	8	20	808.8885409959155	142.52690051970376
2014	8	21	840.6034738886725	153.00434068741214
2014	8	22	835.1298121204236	149.32842724751663
2014	8	23	822.479157263767	145.5892407569253
2014	8	24	823.1160716858805	146.13287456509053
2014	8	25	832.4300554340354	149.8731324163058
2014	8	26	875.8745977919187	162.9480464301074
2014	8	27	899.7500275226305	168.92978871444157
2014	8	28	923.2360615869597	175.6432181143728
2014	8	29	901.2849545081012	167.6440352064675
2014	8	30	842.7247730945297	149.18204559533174
2014	8	31	839.3983793715449	149.7986956511816
2014	9	1	893.5737835814781	168.84759963668512
2014	9	2	949.288257923645	185.6515805146354
2014	9	3	977.8566520880577	192.43696697344006
2014	9	4	945.4261515919234	178.1022999234693
2014	9	5	908.9137550624595	168.16465060941798
2014	9	6	940.3003670377699	177.76315600329298
2014	9	7	982.0964979767559	188.12510430958795
2014	9	8	894.8545558313997	166.49635160700709
2014	9	9	852.4752903018289	148.6875540670996
2014	9	10	815.4136708012487	136.09923108429498
2014	9	11	810.6101228059982	137.35281404144652
2014	9	12	837.2950925171388	146.2208516265277
2014	9	13	800.9301036607129	135.77859942939176
2014	9	14	736.8999877179664	118.26871748651266
2014	9	15	715.9620688572162	116.00373328749133
2014	9	16	689.9002198875194	109.71509272942126
2014	9	17	699.6556277202988	114.66125946489203
2014	9	18	706.0345893122237	118.34641514711026
2014	9	19	701.1610656137772	121.72382410856372
2014	9	20	646.0722109040614	123.53502509384406
2014	9	21	641.7535100719341	135.03019932888657
2014	9	22	746.5591746696459	177.20391234688893
2014	9	23	739.3409386129412	170.26289830935178
2014	9	24	660.06232681986	146.3068232082868
2014	9	25	682.2385542243951	157.7157818521162
2014	9	26	670.1269465277409	154.3006148356682
2014	9	27	696.8606439527051	166.58274410510987
2014	9	28	745.6136691824349	184.67722242417156
2014	9	29	805.3442440313777	178.1303876084178
2014	9	30	817.458197091049	151.52220885855843
2014	10	1	758.0252419315876	131.29168234143728
2014	10	2	732.6450980356922	124.76336093750842
2014	10	3	710.2978693113516	119.12857252125032
2014	10	4	693.3346140345192	115.51400304837637
2014	10	5	690.2395239612322	113.66283381159438
2014	10	6	661.992793973785	105.4925556650024
2014	10	7	632.1243931911492	98.0811246704895
2014	10	8	688.196959229952	117.2603511354828
2014	10	9	715.8420420402322	123.75976542389661
2014	10	10	662.684791121504	106.95529462024575
2014	10	11	634.0336980020032	99.17234131987831
2014	10	12	607.5849617285006	93.37225844254621
2014	10	13	595.5153890672569	92.7903946585874
2014	10	14	600.3309539834065	94.51037272928217
2014	10	15	685.8948497495226	122.01043023699046
2014	10	16	761.2050705790421	142.37859356981835
2014	10	17	823.9530773273173	150.39512811079015
2014	10	18	792.7635973289947	141.88492775216315
2014	10	19	749.1645029096239	129.30086025906527
2014	10	20	671.2056571896152	107.8761312945545
2014	10	21	604.9914860133548	90.8864299903492
2014	10	22	635.3783728225031	101.63970738084579
2014	10	23	634.5097636745568	102.88384861258686
2014	10	24	558.4234534813858	85.89687154360608
2014	10	25	577.4225893350203	94.01038528299267
2014	10	26	586.1112153859898	94.7323962416674
2014	10	27	595.4868761151098	96.90055954190859
2014	10	28	590.9104486534054	95.00916799535966
2014	10	29	603.4826426311898	97.79882562265513
2014	10	30	637.0943517288159	109.30094779112389
2014	10	31	594.9447325847905	95.73134354258742
2014	11	1	572.6264865142239	89.61694051807872
2014	11	2	547.3860923104436	84.2084434471059
2014	11	3	504.73978236581416	73.37092133504028
2014	11	4	480.567813288821	65.84954878096714
2014	11	5	517.161282756187	78.26800961223566
2014	11	6	554.9950182498802	90.33067175572194
2014	11	7	540.0707745431312	85.63930229809363
2014	11	8	521.1009964714389	81.0934422842795
2014	11	9	483.86130479368546	69.61974083940291
2014	11	10	492.87794957817266	73.12417639733582
2014	11	11	499.05007188816853	76.05142753055654
2014	11	12	521.4072404130313	83.49274406242424
2014	11	13	563.0299830626947	96.17496488940031
2014	11	14	508.3303927361118	77.66604239182413
2014	11	15	478.92210089386566	68.9557396628229
2014	11	16	437.1973111908405	57.14315204329197
2014	11	17	420.841329556249	54.980723824297
2014	11	18	412.2035606126296	60.77055322107777
2014	11	19	408.32475166729506	59.17494674836327
2014	11	20	374.32850429019106	48.621155631241265
2014	11	21	367.9485467946634	48.128453754652604
2014	11	22	360.8337893620484	47.90858658217998
2014	11	23	351.02138887413423	46.12427755949213
2014	11	24	377.2895132681979	54.009895772459146
2014	11	25	461.04104287285475	79.69289376292411
2014	11	26	497.48345047492893	88.35590425371294
2014	11	27	444.92096329446326	69.25798453048263
2014	11	28	407.9809041625211	57.751614038162366
2014	11	29	395.58137659129517	56.93315600618916
2014	11	30	390.45320455344654	57.01146476978837
2014	12	1	384.2930688542151	55.7097936131842
2014	12	2	379.9875114827595	56.09994419557634
2014	12	3	373.868014968077	53.872714626730684
2014	12	4	364.5577944447823	50.881175271800544
2014	12	5	366.98045901699993	53.75091672082934
2014	12	6	354.37057347698624	48.51980383644144
2014	12	7	347.98739497193435	48.59369977135639
2014	12	8	349.61324145212825	51.033248278986704
2014	12	9	332.9603530853133	46.78671726587831
2014	12	10	319.95393675028737	44.027771259634875
2014	12	11	320.53708555698637	45.22258260881214
2014	12	12	331.354483032165	49.30018855987878
2014	12	13	338.9401829849528	51.237792598764315
2014	12	14	343.3947535591413	52.580787447486934
2014	12	15	343.459386096483	52.42692832994037
2014	12	16	347.04543079145293	53.67581330331952
2014	12	17	345.30901541898896	52.108063360138665
2014	12	18	338.78468581053033	48.12240576587915
2014	12	19	345.5656929375367	53.03450246669046
2014	12	20	341.53902726102757	51.01344478442056
2014	12	21	329.59243045349166	47.48262319477785
2014	12	22	327.8829350845827	47.58935930304602
2014	12	23	334.1610743364207	49.99503285225793
2014	12	24	343.2009886232792	56.986554964812775
2014	12	25	360.7441351044487	62.99343745654131
2014	12	26	420.7230815204345	75.31371189661134
2014	12	27	385.1366603118942	61.1092492044176
2014	12	28	368.767712758582	56.55741985593786
2014	12	29	390.4207891898689	63.25676066658782
2014	12	30	360.56615734214836	53.447269527778666
2014	12	31	334.44103624568976	48.08380581782686
2015	1	1	315.96168143072714	46.503853365538745
2015	1	2	301.49273313086246	45.85985803621807
2015	1	3	298.2425127971133	45.05233015673149
2015	1	4	296.7906232508665	44.99543257957015
2015	1	5	296.4368032458113	44.342978790523176
2015	1	6	298.8871424725192	45.8053095200438
2015	1	7	296.29972024436216	44.24538853473533
2015	1	8	290.311074314637	42.98664939719135
2015	1	9	280.30878552415845	41.47790743347566
2015	1	10	279.5037902896192	41.56670005314571
2015	1	11	281.0083633363839	42.013024194647315
2015	1	12	280.1568472412517	41.816545920078276
2015	1	13	282.17305929773295	42.80042131542469
2015	1	14	283.171963813586	42.811026270406124
2015	1	15	280.10296632652586	42.20346341565062
2015	1	16	281.56901141619926	42.76604674638147
2015	1	17	281.58649434965605	42.414761674540486
2015	1	18	277.84276913429625	41.963183210476714
2015	1	19	277.4863875993037	40.75406152161108
2015	1	20	282.29357863516714	42.617317013420674
2015	1	21	283.39512998275904	44.27600028212137
2015	1	22	280.40236114580233	41.189629878661464
2015	1	23	281.023977850055	41.29016233111468
2015	1	24	276.73092717392717	40.33020649341475
2015	1	25	279.2502861171758	41.965682178854046
2015	1	26	282.3665048623967	43.03858250336856
2015	1	27	282.7255090800077	42.970193668320064
2015	1	28	282.40137890756375	43.216753585034105
2015	1	29	283.1799535344344	43.60384926098975
2015	1	30	283.43435271189037	43.81601107520983
2015	1	31	284.3458058869128	43.95317216837607
2015	2	1	285.20744823820604	44.379267793419146
2015	2	2	284.74920587796555	43.928978010039366
2015	2	3	284.95155620149905	44.212771393366815
2015	2	4	285.4061013178438	44.484954525211805
2015	2	5	285.68979915165966	44.66301006242877
2015	2	6	286.1075483867122	44.94281464470182
2015	2	7	286.80999048366573	45.441050174513016
2015	2	8	287.2969254381185	45.33907143882841
2015	2	9	287.40091010677463	45.70574529914549
2015	2	10	287.7654713005953	45.721987845833524
2015	2	11	288.1953215879136	45.86025029545283
2015	2	12	288.21009985491526	46.01925480898881
2015	2	13	289.37857290656893	46.11725443738121
2015	2	14	289.8237707055677	46.31202028689515
2015	2	15	290.40561817759703	46.4150212742862
2015	2	16	290.90935904903876	46.22136362136986
2015	2	17	291.19988637818534	46.701627460585264
2015	2	18	291.5693126303295	46.56328019606719
2015	2	19	292.02210458172516	46.517616896947736
2015	2	20	292.0430146650646	46.801905443910236
2015	2	21	292.7748498037848	46.663163299302084
2015	2	22	293.22175336285426	46.62508308848745
2015	2	23	292.9339728278357	46.712974550645214
2015	2	24	293.20722767136647	46.77345905525228
2015	2	25	294.3327026689347	46.77936057046336
2015	2	26	294.494982164988	46.796416574896
2015	2	27	294.8481108347784	46.89745429555652
2015	2	28	295.3378305458626	46.81533319550559
2015	3	1	295.107869499845	47.099151741897096
2015	3	2	296.14391821107546	46.82647344735142
2015	3	3	296.25045558301787	46.82394196006799
2015	3	4	296.5908079249083	47.149919764335955
2015	3	5	296.5957976236597	47.118754053676305
2015	3	6	297.4134382461153	46.99881372250938
2015	3	7	297.17088223542	46.33311668904748
2015	3	8	298.9709056339058	47.656581722193906
2015	3	9	299.39028373230946	47.42662039091668
2015	3	10	300.4922501064132	47.58996296614768
2015	3	11	310.16584155102106	55.846304743655274
2015	3	12	316.8826307365105	58.06838562029204
2015	3	13	304.56897216030717	50.157106745787914
2015	3	14	307.5586533978896	49.90452192129839
2015	3	15	301.63634691041534	46.55921235318863
2015	3	16	303.344377089598	47.05969689953834
2015	3	17	316.8149705302301	53.08927583447627
2015	3	18	306.39405485577123	47.19945573171533
2015	3	19	298.66817857153814	42.06376661359726
2015	3	20	300.4016375008152	40.697944114463844
2015	3	21	306.0046850972206	47.04571788077934
2015	3	22	314.25030806067366	48.65081542307541
2015	3	23	308.0222243004976	47.409285443071695
2015	3	24	302.44929002282805	40.99290517214524
2015	3	25	317.66925217378093	50.48744024637639
2015	3	26	328.7687610438162	55.557100249212176
2015	3	27	317.1441833482974	49.715428279254645
2015	3	28	314.9356813474728	49.596639132711715
2015	3	29	306.03487376709023	48.03617714527551
2015	3	30	313.9366693194565	49.28674256886409
2015	3	31	310.43894219455984	49.348012590522
2015	4	1	327.4465366881487	55.43441441694375
2015	4	2	323.02464848534953	52.77666884763567
2015	4	3	335.61656534533734	56.43076071208868
2015	4	4	341.88854793800846	55.09040181207935
2015	4	5	328.26130108793814	47.69005474321264
2015	4	6	315.8230805658647	49.34017310884576
2015	4	7	333.3816558621594	53.96349277846752
2015	4	8	311.55831153992165	45.328109180312175
2015	4	9	307.45493194310825	48.64599488183783
2015	4	10	322.1232450640257	52.528763014206376
2015	4	11	333.2218050180042	56.1273812988089
2015	4	12	347.34573575088154	61.103314493923584
2015	4	13	370.0480140275931	65.75367452447891
2015	4	14	430.24964202763937	83.47013410618058
2015	4	15	448.0461269023047	85.7943180633913
2015	4	16	459.9396071466292	87.04073924703393
2015	4	17	470.35008235736353	90.06042634193042
2015	4	18	497.4656723524298	101.33077220070601
2015	4	19	496.3575812415171	98.33929632961093
2015	4	20	463.0165473642667	82.19264747827386
2015	4	21	494.0797991535344	93.37705090621064
2015	4	22	493.8135494074696	93.5401721186543
2015	4	23	467.4598899904614	84.41314915052465
2015	4	24	436.29436030121025	73.87592502654395
2015	4	25	444.37857693371313	76.99844087183945
2015	4	26	465.3056808145162	83.22501949863518
2015	4	27	477.0437336923054	87.24757169155762
2015	4	28	493.6172348364023	89.92400810627518
2015	4	29	515.7465311308875	98.59078310986337
2015	4	30	517.0560249135837	95.90405705172026
2015	5	1	516.8207506341128	95.82819964318587
2015	5	2	539.4245530530256	101.64668187990323
2015	5	3	580.6183142150655	113.52021462926932
2015	5	4	623.1598294428165	127.68761081171597
2015	5	5	648.3348708669122	131.53348945610205
2015	5	6	647.9515517792773	127.98176032761839
2015	5	7	662.0628049536992	130.11211707949872
2015	5	8	685.1689497877733	137.84106422919916
2015	5	9	659.7690945216925	126.70380290855577
2015	5	10	725.3989979912674	147.7848353067697
2015	5	11	755.6719479612944	157.01279433995003
2015	5	12	732.8759579194385	143.67743772128568
2015	5	13	675.9627812783463	121.66821783807612
2015	5	14	649.7030150831847	117.51530429344383
2015	5	15	652.8154770794732	118.51605442931798
2015	5	16	672.3792613883978	123.75751333763066
2015	5	17	718.3918522932729	138.65229003124824
2015	5	18	704.1744569042901	133.33319744990368
2015	5	19	699.3400930033033	131.42549272387868
2015	5	20	664.0220313017916	120.10012521778884
2015	5	21	624.1917226296996	106.58055963035146
2015	5	22	643.3118684174199	114.58974398899056
2015	5	23	615.8714196168021	107.31313805320467
2015	5	24	642.8017250137499	113.59030755436667
2015	5	25	682.4592548127694	125.01120525842096
2015	5	26	722.5998550013685	137.92943031089104
2015	5	27	763.4828987886808	149.11338540570299
2015	5	28	796.6732313168704	156.08372271651638
2015	5	29	787.0545032919674	148.16701548525265
2015	5	30	801.3026239506678	149.9094938696258
2015	5	31	780.3012411417978	145.55842329467706
2015	6	1	652.8893450611943	108.33519067899371
2015	6	2	578.7358670439623	87.44434753769208
2015	6	3	611.6761428209486	103.45396250384282
2015	6	4	642.6660482192494	112.54538621478959
2015	6	5	672.3720624564844	121.96887414507279
2015	6	6	708.0168566385544	130.7294824932615
2015	6	7	690.8052702225864	125.04318459265174
2015	6	8	698.8071297537285	126.34994049976389
2015	6	9	740.674991845022	139.64884847945004
2015	6	10	757.2778368687915	144.49940913028667
2015	6	11	795.4036252001961	153.75705982365278
2015	6	12	801.7778337726348	154.56601457758532
2015	6	13	833.1198192337099	161.09301618199655
2015	6	14	824.7179296304884	157.622568065209
2015	6	15	759.9116562738975	131.9397755314448
2015	6	16	747.9826085946901	135.3156550083375
2015	6	17	774.1791773833668	142.83960193771404
2015	6	18	766.7065135733654	141.16061947715232
2015	6	19	790.7911430446313	147.61434157250213
2015	6	20	770.5690972375261	142.55358169159067
2015	6	21	826.1718736873892	153.40416849865287
2015	6	22	863.8657523633253	164.97610117659346
2015	6	23	876.1961259827631	167.3255086598284
2015	6	24	867.5151664465197	162.90949352243263
2015	6	25	847.9070844595356	157.51750149745197
2015	6	26	834.2725814951382	152.85628768849745
2015	6	27	810.7034195316965	147.44405246611697
2015	6	28	728.382972555079	121.02585155936431
2015	6	29	735.6134139669373	129.92884018002968
2015	6	30	791.6783951854794	148.1916939419143
2015	7	1	826.6230524760073	150.41281270846903
2015	7	2	822.507526941831	154.0019742172202
2015	7	3	817.753223973131	154.21558136580592
2015	7	4	807.6566840240571	151.53502432151583
2015	7	5	821.9268391803322	156.24318755028065
2015	7	6	862.4413709642122	166.2962186159497
2015	7	7	888.1963738057574	171.258515461524
2015	7	8	926.956453290126	179.40323165448285
2015	7	9	880.8341078314918	166.59701533192725
2015	7	10	882.961752468744	161.57529624059606
2015	7	11	893.2155929009486	171.14987703512168
2015	7	12	919.2029308366164	177.21853145369343
2015	7	13	941.8406646780242	181.66046990937747
2015	7	14	928.913622520382	177.62482672778873
2015	7	15	938.068152992906	179.43086813368265
2015	7	16	874.8274206810609	163.45759712467117
2015	7	17	862.5809993096423	163.73330960251354
2015	7	18	878.9608758890763	171.71155878956597
2015	7	19	948.5114494559685	189.49832309438236
2015	7	20	980.3497120939768	196.95113545579227
2015	7	21	956.8688376165395	189.22542056405646
2015	7	22	927.3896565321065	182.32327722690292
2015	7	23	898.3832507320802	175.9128981399883
2015	7	24	877.6745911801904	171.39900259928575
2015	7	25	869.0979943137045	169.44107656175555
2015	7	26	879.9027086757677	173.81145254961012
2015	7	27	917.3265422414353	183.5398989837847
2015	7	28	947.8027039070666	190.63591510861156
2015	7	29	977.663244909814	195.865279463127
2015	7	30	990.0696467526186	195.67440613901493
2015	7	31	970.7567670826572	189.17642192603327
2015	8	1	935.5239903596097	178.85217807620626
2015	8	2	920.9028913024939	176.57366961436753
2015	8	3	956.1852257363136	187.2356001596035
2015	8	4	961.6911498230918	186.68835139820968
2015	8	5	915.840963995947	177.2070307912644
2015	8	6	890.4513985809483	170.29429106061198
2015	8	7	889.3769987246257	170.593222756452
2015	8	8	886.3583968429598	169.70956671500386
2015	8	9	889.1301910095098	170.50779605207197
2015	8	10	897.8127658784226	173.6617627168834
2015	8	11	895.6055999067619	176.94570252090665
2015	8	12	917.0811875766385	180.72789811951702
2015	8	13	903.2534291796367	173.67514646027632
2015	8	14	916.3124976656809	175.0507167330066
2015	8	15	951.8895110950467	178.7562940327634
2015	8	16	965.4257891927721	182.9113957488949
2015	8	17	1001.9778035796498	192.78431644101678
2015	8	18	1032.4450651377233	198.42027623320052
2015	8	19	1031.3620424438152	197.2656659319764
2015	8	20	1019.2070281353543	193.6756273058965
2015	8	21	995.1244847934337	184.9158708495955
2015	8	22	968.5840676942769	180.8251892639945
2015	8	23	950.8949048266098	177.80111698654702
2015	8	24	974.5627379405232	186.03989124332193
2015	8	25	976.8136473651587	183.67187944103966
2015	8	26	941.721764392074	174.39107544661175
2015	8	27	907.9744574188658	171.736879467843
2015	8	28	890.3485120826749	169.2438410149511
2015	8	29	890.8974568635646	169.84687366611425
2015	8	30	921.2739764520484	178.2599451146597
2015	8	31	952.2045978815286	186.25666502513107
2015	9	1	952.6444060565178	186.37925188072668
2015	9	2	958.4174126912544	187.70366851690687
2015	9	3	981.940329143195	193.30908002614163
2015	9	4	957.8140216093575	185.31859253408027
2015	9	5	898.2603569369411	172.84416086804734
2015	9	6	912.4509460605486	177.2165819715792
2015	9	7	938.4065342467136	183.51819113128545
2015	9	8	987.2509377387885	198.43498542549452
2015	9	9	1005.8310417409382	199.81913968565294
2015	9	10	968.6802225772664	186.38194225304525
2015	9	11	872.9821797220618	155.62221160661113
2015	9	12	891.9397289714549	173.61970099528105
2015	9	13	868.2537713954482	163.23209848169503
2015	9	14	811.4711905392943	149.06477544549176
2015	9	15	826.295222394217	157.78262699442774
2015	9	16	874.364062840795	171.98555778571912
2015	9	17	898.7329207178489	178.24293652677895
2015	9	18	903.2311101197776	179.47863592819022
2015	9	19	899.7371189631855	177.5118751233315
2015	9	20	881.6607321280566	171.793089928273
2015	9	21	800.3227373193638	150.3193441908247
2015	9	22	773.6115713480722	143.13610956888508
2015	9	23	781.9273851520238	146.95710446646243
2015	9	24	811.7474147005203	157.0303704144689
2015	9	25	786.8860883961822	149.08003181673214
2015	9	26	750.8927016035599	139.1047520441009
2015	9	27	721.8544935718035	131.50249199737064
2015	9	28	771.4299115921034	145.56212470692944
2015	9	29	839.4159087455266	163.93717054151819
2015	9	30	885.8069381298136	150.37733691142472
2015	10	1	763.0835643322519	122.04439831501303
2015	10	2	705.6908773804295	112.5618945486982
2015	10	3	663.0748845080126	106.2842263164983
2015	10	4	653.328724974677	106.88919458925564
2015	10	5	646.2722365675622	107.16113538714498
2015	10	6	669.6921607661232	114.066815335965
2015	10	7	688.8212994689612	119.41300550321185
2015	10	8	689.6105098948378	118.61191151590683
2015	10	9	696.2692152307441	121.56894062147578
2015	10	10	661.6216841436512	109.54955706195337
2015	10	11	642.9309522707804	107.94972804379009
2015	10	12	685.2713013677017	118.99609369921619
2015	10	13	711.2473986351811	126.60600302718889
2015	10	14	696.3556337676622	116.94394955044764
2015	10	15	648.1261896720907	107.1414989789749
2015	10	16	641.1257483445982	105.12809233902146
2015	10	17	605.7678966403195	100.09963669184218
2015	10	18	539.7595361474279	87.72017958915819
2015	10	19	501.8317195180888	78.63889627008436
2015	10	20	560.3616863072185	89.20897425527205
2015	10	21	620.35173969005	100.65822695536629
2015	10	22	653.9034681413336	108.7703718792177
2015	10	23	598.7851993225319	99.13744543655496
2015	10	24	539.617774653437	85.9470926007427
2015	10	25	581.0734823140128	93.96307019071944
2015	10	26	559.3854770905439	91.01287938442213
2015	10	27	535.3443517073463	86.45162228026804
2015	10	28	549.1520682635179	87.32979796640863
2015	10	29	689.5015350231392	115.99629861223318
2015	10	30	611.3418408630919	99.19462582218463
2015	10	31	559.0472247048865	89.04175338818594
2015	11	1	577.1419124937514	93.6131684047366
2015	11	2	594.0832301390499	97.32738268719774
2015	11	3	607.2075436829563	99.97137795182071
2015	11	4	627.3756985294356	104.66893830009074
2015	11	5	647.3929017264387	108.75100359848683
2015	11	6	702.3785949250997	121.79858004440568
2015	11	7	664.9581813323618	115.79310723568736
2015	11	8	595.3695950353446	97.19158657652555
2015	11	9	561.3427375395921	90.3714171942298
2015	11	10	566.4760891999382	91.43502800388315
2015	11	11	566.8913825578579	92.13531212087321
2015	11	12	568.3984836384291	92.38621417138037
2015	11	13	577.1696003094091	94.76751515226705
2015	11	14	524.5340352369095	84.29815562839616
2015	11	15	493.28684480306123	79.20203626673586
2015	11	16	515.8640526027602	84.21024442497736
2015	11	17	473.8655258430209	75.82738588740926
2015	11	18	462.87839424935913	73.56955870881248
2015	11	19	510.5728153273376	82.02586566824755
2015	11	20	560.3230009002206	92.15257314878599
2015	11	21	490.8799129851951	78.55488151882456
2015	11	22	488.9877312480344	77.53879529974947
2015	11	23	459.45185728599813	72.77622045526148
2015	11	24	413.60826827942793	65.18631114737555
2015	11	25	412.2027527785492	64.44088472515614
2015	11	26	448.3889134279223	73.13051108123187
2015	11	27	509.91074881324846	86.29459796706362
2015	11	28	520.4106367952511	88.1850244343342
2015	11	29	449.26272430707064	71.59752244772451
2015	11	30	411.05815101881916	64.65342191339852
2015	12	1	409.5269605493795	64.82138468640748
2015	12	2	437.8043613225189	70.1857649366431
2015	12	3	467.3410479840882	75.59419470370713
2015	12	4	433.2992569689392	69.45409134897275
2015	12	5	423.8012926517134	67.60486205827917
2015	12	6	420.70190835777515	67.20388299352737
2015	12	7	422.15122496843554	67.48378375889686
2015	12	8	421.677547696343	67.3788759846333
2015	12	9	432.1645067497412	69.4613674750223
2015	12	10	468.0941417185172	76.03972317063018
2015	12	11	469.97108785086033	78.09193927760069
2015	12	12	475.7463516638562	78.89462974346537
2015	12	13	508.35329972926735	84.78092357291568
2015	12	14	511.4900014132129	85.7097017751626
2015	12	15	553.7320292802351	93.64197562451683
2015	12	16	487.82992685272256	78.69843597024722
2015	12	17	473.7559867373127	75.84368453521722
2015	12	18	491.8296087221005	80.11241311223968
2015	12	19	432.0280626520233	69.55462539143902
2015	12	20	397.0509094632266	61.68253360438455
2015	12	21	395.92313047067046	63.87764474206838
2015	12	22	452.7796832003813	74.70551295703278
2015	12	23	486.490888133562	82.13602414601294
2015	12	24	536.1225274126164	90.53316115912565
2015	12	25	527.9846095688151	90.81338284319446
2015	12	26	500.9470868469091	84.15304675911493
2015	12	27	490.4222851099853	78.62023180405686
2015	12	28	445.0012759440042	70.20327402014092
2015	12	29	396.83392953649184	62.045332859654366
2015	12	30	388.16900643816933	60.52560470486497
2015	12	31	369.5855304721522	57.56526363685334
